Civilité Responsable;Nom usage responsable;Nom responsable;Prénom responsable;Adresse responsable;CP responsable;Commune responsable;Pays;Courriel;Téléphone domicile;Téléphone travail;Téléphone portable;Nom d'usage enfant;Nom de famille enfant;Prénom enfant;Classes enfants;Nom d'usage enfant;Nom de famille enfant;Prénom enfant;Classes enfants;Nom d'usage enfant;Nom de famille enfant;Prénom enfant;Classes enfants
Mme;;ADJIBEL;Corinne;40 Avenue Beaucour;61000;Alençon;;;;;;;MARTINEZ;Alexandre;CE2;;MARTINEZ;Marjolaine;CM1;;DRAHONNET;Cassandra;CP
M.;;ALBERT;Norbert;48 Passage du Havre;61000;Alençon;;;;;;;ALBERT;Nawres;TPS;;;;;;;;
Mme;;ALBERT;Odile;48 Passage du Havre;61000;Alençon;;;;;;;ALBERT;Nawres;TPS;;;;;;;;
Mme;;ALEXANDRE;Christine;42 Square Adanson;61000;Alençon;;;;;;;ALEXANDRE;Célia;PS;;;;;;;;
M.;;ALEXANDRE;Stéphane;42 Square Adanson;61000;Alençon;;;;;;;ALEXANDRE;Célia;PS;;;;;;;;
Mme;;ALVES;Marie-Pia;13 Villa Erlanger;61000;Alençon;;;;;;;SIGAL;Cédric;GS;;;;;;;;
Mme;;AUDONNET;Valerie;17 Rue Dupleix;61000;Alençon;;;;;;;AUDONNET;Anaïs;CP;;;;;;;;
M.;;AUDONNET;Mickael;17 Rue Dupleix;61000;Alençon;;;;;;;AUDONNET;Anaïs;CP;;;;;;;;
Mme;;AVIGNON;Béatrice;59 Rue Gresset;61000;Alençon;;;;;;;AVIGNON;Julien;CLIS;;;;;;;;
M.;;AVIGNON;Eric;59 Rue Gresset;61000;Alençon;;;;;;;AVIGNON;Julien;CLIS;;;;;;;;
M.;;BALDERACCHI;Michel;47 Rue Bastien-Lepage;72610;Chenay;;;;;;;BALDERACCHI;Lauric;CP;;;;;;;;
Mme;;BALDERACCHI;Vanessa;47 Rue Bastien-Lepage;72610;Chenay;;;;;;;BALDERACCHI;Lauric;CP;;;;;;;;
Mme;;BARBIER;Virginie;30 Passage Driancourt;72610;Saint Paterne;;;;;;;LABARRE;Coline;CP;;;;;;;;
M.;;BARREAU;Alan;4 Rue Eugène-Delacroix;61000;Alençon;;;;;;;BARREAU;Maéva;GS;;;;;;;;
Mme;;BARREAU;Sandrine;4 Rue Eugène-Delacroix;61000;Alençon;;;;;;;BARREAU;Maéva;GS;;;;;;;;
Mme;;BARTHELEMY;Christelle;16 Rue Henri-Becque;61000;Alençon;;;;;;;BOUZEHOUANE;Valentine;CE1;;;;;;;;
M.;;BATAILLE;Yves;38 Rue de Bellevue;61000;Alençon;;;;;;;BATAILLE;Anis;GS;;;;;;;;
Mme;;BATAILLE;Caroline;10 Avenue du Général-San-Martin;61000;Alençon;;;;;;;BATAILLE;Anis;GS;;;;;;;;
Mme;;BEAUMONT;Muriel;27 Rue de Cerisoles;61000;Alençon;;;;;;;BEAUMONT;Laurine;GS;;;;;;;;
Mme;;BEAUMONT;Muriel;41 Rue Dagorno;61000;Alençon;;;;;;;BEAUMONT;Karim;CP;;;;;;;;
M.;;BEIGEAUD;Giacomo;35 Rue Eugène-Pelletan;61250;Condé sur Sarthe;;;;;;;BEIGEAUD;Mathilde;GS;;;;;;;;
Mme;;BEIGEAUD;Christelle;35 Rue Eugène-Pelletan;61250;Condé sur Sarthe;;;;;;;BEIGEAUD;Mathilde;GS;;;;;;;;
M.;;BENNE;Didier;46 Villa Championnet;61000;Alençon;;;;;;;BENNE;Emilie;PS;;;;;;;;
M.;;BERLIRE;Magalie;59 Square de la Gascogne;72610;Lignières la Carelle;;;;;;;BERLIRE;Yohan;PS;;;;;;;;
M.;;BERTHAULT;François;26 Rue Dominique-Pado;61000;Alençon;;;;;;;BERTHAULT;Jessica;CLIS;;;;;;;;
Mme;;BERTHAULT;Valérie;26 Rue Dominique-Pado;61000;Alençon;;;;;;;BERTHAULT;Jessica;CLIS;;;;;;;;
Mme;;BERTHONNEAU;Chantal;2 Passage Fréquel;61000;Alençon;;;;;;;BERTHONNEAU;Mélanie;CE2;;;;;;;;
M.;;BERTHONNEAU;Michael;2 Passage Fréquel;61000;Alençon;;;;;;;BERTHONNEAU;Mélanie;CE2;;;;;;;;
Mme;;BISCHOFF;Isabelle;39 Rue Duret;61000;Alençon;;;;;;;BISCHOFF;Andy;TPS;;;;;;;;
M.;;BISCHOFF;Fabien;39 Rue Duret;61000;Alençon;;;;;;;BISCHOFF;Andy;TPS;;;;;;;;
Mme;;BODARD;Agnès;33 Avenue Édouard-Vaillant;61000;Alençon;;;;;;;BOILEAU;Antonio;CLIS;;;;;;;;
M.;;BOGACZ;Jean Pierre;34 Rue Ernest-Lefébure;61000;Alençon;;;;;;;BOGACZ;Louise;CE2;;;;;;;;
Mme;;BOGACZ;Vanessa;34 Rue Ernest-Lefébure;61000;Alençon;;;;;;;BOGACZ;Louise;CE2;;;;;;;;
M.;;BOILEAU;Patrick;30 Rue de l'Encheval;61000;Alençon;;;;;;;BOILEAU;Antonio;CLIS;;;;;;;;
Mme;;BOILOT;Nadia;41 Place Denfert-Rochereau;61000;Alençon;;;;;;;BOILOT;Raphaël;TPS;;;;;;;;
M.;;BOILOT;Renata;41 Place Denfert-Rochereau;61000;Alençon;;;;;;;BOILOT;Raphaël;TPS;;;;;;;;
M.;;BOIREAU;Joël;15 Avenue Cartellier;72610;Chenay;;;;;;;BOIREAU;Gauthier;CM1;;;;;;;;
Mme;;BONNAL;Laetitia;36 Boulevard Delessert;61000;Alençon;;;;;;;PATYS;Gino;CE1;;;;;;;;
M.;;BONNIN;Pascal;23 Boulevard des Filles-du-Calvaire;61000;Alençon;;;;;;;BONNIN;Tïa;CP;;;;;;;;
Mme;;BONNIN;Nacer;23 Boulevard des Filles-du-Calvaire;61000;Alençon;;;;;;;BONNIN;Tïa;CP;;;;;;;;
Mme;;BOQUET;Claudine;34 Place du Général-Stefanik;61000;Alençon;;;;;;;POIZAT;Marina;CM1;;;;;;;;
M.;;BOSCHETTI;Cedric;41 Rue Eugène-Pelletan;72610;Saint Paterne;;;;;;;BOSCHETTI;Maxence;MS;;;;;;;;
Mme;;BOSCHETTI;Ludivine;41 Rue Eugène-Pelletan;72610;Saint Paterne;;;;;;;BOSCHETTI;Maxence;MS;;;;;;;;
M.;;BOUDAUD;David;20 Avenue Franco-Russe;61000;Alençon;;;;;;;BOUDAUD;Mathis;CM1;;;;;;;;
M.;;BOUIDDOUH;Albino;59 Rue Alexandre-Cabanel;61250;Pacé;;;;;;;BOUIDDOUH;Killiann;MS;;;;;;;;
Mme;;BOUIDDOUH;Alexia;59 Rue Alexandre-Cabanel;61250;Pacé;;;;;;;BOUIDDOUH;Killiann;MS;;;;;;;;
Mme;;BOUKRIKHA;Sylvie;21 Avenue Gourgaud;61000;Saint Germain du Corbéis;;;;;;;OULLADJI;Clément;CM2;;;;;;;;
Mme;;BOULLIER;Aline;53 Place Émile-Mâle;61000;Alençon;;;;;;;THEVEU;Maxime;CP;;;;;;;;
M.;;BOUQUETY;Gilles;55 Avenue Gustave-V-de-Suède;61000;Alençon;;;;;;;BOUQUETY;Clémence;CE2;;;;;;;;
Mme;;BOUQUETY;Awa;55 Avenue Gustave-V-de-Suède;61000;Alençon;;;;;;;BOUQUETY;Clémence;CE2;;;;;;;;
M.;;BOURDOISEAU;François;14 Rue Frédéric-Mourlon;61000;Alençon;;;;;;;BOURDOISEAU;Lucas;PS;;;;;;;;
Mme;;BOURDOISEAU;Catherine;14 Rue Frédéric-Mourlon;61000;Alençon;;;;;;;BOURDOISEAU;Lucas;PS;;;;;;;;
M.;;BOUZEHOUANE;Jacques;9 Rue Georges-Leygues;61000;Cerisé;;;;;;;BOUZEHOUANE;Valentine;CE1;;;;;;;;
M.;;BRANDAO;Miguel;25 Rue des Cascades;61250;Pacé;;;;;;;BRANDAO;Emma;CM2;;;;;;;;
Mme;;BRANDAO;Véronique;25 Rue des Cascades;61250;Pacé;;;;;;;BRANDAO;Emma;CM2;;;;;;;;
M.;;BRONZARD;Sid;60 Rue du Chaffault;72610;Lignières la Carelle;;;;;;;BRONZARD;Thomas;CP;;;;;;;;
Mme;;BRONZARD;Karine;60 Rue du Chaffault;72610;Lignières la Carelle;;;;;;;BRONZARD;Thomas;CP;;;;;;;;
M.;;BROUILLAUD;Jose;28 Rue de l'Élysée;61000;Alençon;;;;;;;BROUILLAUD;Adil;TPS;;;;;;;;
M.;;BROUSSE;Michaël;10 Rue Frédéric-Sauton;61000;Alençon;;;;;;;BROUSSE;Cédric;TPS;;;;;;;;
Mme;;BROUSSE;Philippe;18 Passage Dubuffet;61000;Alençon;;;;;;;BROUSSE;Cédric;TPS;;;;;;;;
Mme;;BRUEL;Marie-Andrée;1 Rue des Irlandais;61000;Alençon;;;;;;;DORE;Samanta;GS;;;;;;;;
Mme;;BRULE;Christine;59 Villa Industrielle;61000;Alençon;;;;;;;GILLARD;Nawel;CLIS;;;;;;;;
M.;;BSIKRI;Jean-Marc;1 Rue du Caporal-Peugeot;61000;Alençon;;;;;;;MALAHIEUDE;Maxime;CLIS;;;;;;;;
M.;;BUSSOT;Jean-Charles;25 Rue du Cardinal-Mercier;61250;Pacé;;;;;;;BUSSOT;Mathilde;CP;;;;;;;;
M.;;CAFFIERS;Bruno;24 Impasse Basilide-Fossard;61000;Alençon;;;;;;;CAFFIERS;Sarah;CLIS;;;;;;;;
Mme;;CAFFIERS;Maria;24 Impasse Basilide-Fossard;61000;Alençon;;;;;;;CAFFIERS;Sarah;CLIS;;;;;;;;
Mme;;CAILLET;Zara;58 Rue Duguay-Trouin;61000;Alençon;;;;;;;CAILLET;Eléa;CE1;;;;;;;;
M.;;CAILLET;Jérémy;58 Rue Duguay-Trouin;61000;Alençon;;;;;;;CAILLET;Eléa;CE1;;;;;;;;
M.;;CARGEMEL;Gilles;9 Impasse de l'École;61000;Alençon;;;;;;;CARGEMEL;Mallaury;CE2;;;;;;;;
Mme;;CASTAGNET;Marina;58 Port de la Gare;61250;Valframbert;;;;;;;KANE;Adeline;GS;;;;;;;;
Mme;;CAVEL;Valérie;55 Rue des Écluses-Saint-Martin;61000;Alençon;;;;;;;CAVEL;Ana;CE2;;;;;;;;
M.;;CAVEL;Franck;55 Rue des Écluses-Saint-Martin;61000;Alençon;;;;;;;CAVEL;Ana;CE2;;;;;;;;
Mme;;CHABENAT;Isabel;33 Passage de Gergovie;61000;Alençon;;;;;;;CHABENAT;Benjamin;TPS;;;;;;;;
M.;;CHABENAT;Narciso;33 Passage de Gergovie;61000;Alençon;;;;;;;CHABENAT;Benjamin;TPS;;;;;;;;
M.;;CHADUTAUD;Hugues;12 Rue Guynemer;61000;Alençon;;;;;;;CHADUTAUD;Juline;CP;;;;;;;;
Mme;;CHADUTAUD;Marlène;12 Rue Guynemer;61000;Alençon;;;;;;;CHADUTAUD;Juline;CP;;;;;;;;
M.;;CHAINTREUIL;Sébastien;48 Rue Eugène-Delacroix;61000;Saint Germain du Corbéis;;;;;;;CHAINTREUIL;Maëlle;CE1;;;;;;;;
Mme;;CHAINTREUIL;Soraya;48 Rue Eugène-Delacroix;61000;Saint Germain du Corbéis;;;;;;;CHAINTREUIL;Maëlle;CE1;;;;;;;;
Mme;;CHAPET;Sylvie;33 Place du Docteur-Félix-Lobligeois;61000;Alençon;;;;;;;CHAPET;Justin;CE2;;;;;;;;
Mme;;CHAPET;Cécilia;33 Place du Docteur-Félix-Lobligeois;61000;Alençon;;;;;;;CHAPET;Justin;CE2;;;;;;;;
M.;;CHARPENTIER;Thierry;53 Rue Delbet;61000;Alençon;;;;;;;CHARPENTIER;Yanis;MS;;;;;;;;
M.;;CHASTAGNIER;Olivier;48 Rue Félibien;61250;Pacé;;;;;;;CHASTAGNIER;Quentin;CP;;;;;;;;
Mme;;CHASTAGNIER;Muriel;2 Rue de Chambéry;61000;Alençon;;;;;;;CHASTAGNIER;Quentin;CP;;;;;;;;
M.;;CHAUMONT;Patrick;29 Avenue Carnot;72610;Saint Paterne;;;;;;;CHAUMONT;Manuella;CLIS;;;;;;;;
M.;;CHEDEVILLE;Alain;41 Rue de l'Échiquier;61000;Alençon;;;;;;;CHEDEVILLE;Jordan;CM1;;;;;;;;
M.;;CHICHPORTICH;Jean Louis;23 Rue Dampierre;72610;Saint Paterne;;;;;;;CHICHPORTICH;Julie;GS;;;;;;;;
Mme;;CHOQUENET;Marie Gabrielle;21 Cour Delépine;61000;Alençon;;;;;;;CHOQUENET;Yaël;CLIS;;;;;;;;
M.;;CHOQUENET;Conrad;21 Cour Delépine;61000;Alençon;;;;;;;CHOQUENET;Yaël;CLIS;;;;;;;;
Mme;;COLON;Delphine;16 Rue Jacques-Kablé;61000;Alençon;;;;;;;MOULARD;Marie;GS;;;;;;;;
Mme;;COMMARET;Christelle;48 Rue Guy-Patin;61000;Alençon;;;;;;;COMMARET;Julien;TPS;;;;;;;;
Mme;;COMMARET;Mirella;48 Rue Guy-Patin;61000;Alençon;;;;;;;COMMARET;Julien;TPS;;;;;;;;
Mme;;CORNILLEAU;Sophie;5 Rue de Babylone;61000;Saint Germain du Corbéis;;;;;;;CORNILLEAU;Matthieu;TPS;;;;;;;;
M.;;CORNILLEAU;Sylvain;5 Rue de Babylone;61000;Saint Germain du Corbéis;;;;;;;CORNILLEAU;Matthieu;TPS;;;;;;;;
M.;;COSPEREC;William;25 Passage Ben-Aïad;61250;Condé sur Sarthe;;;;;;;COSPEREC;Marie;MS;;;;;;;;
Mme;;COSPEREC;Séverine;25 Passage Ben-Aïad;61250;Condé sur Sarthe;;;;;;;COSPEREC;Marie;MS;;;;;;;;
M.;;CRETON;Gilles;11 Rue Eugène-Manuel;61000;Alençon;;;;;;;CRETON;Orlane;CE1;;;;;;;;
Mme;;CRETON;Dominique;11 Rue Eugène-Manuel;61000;Alençon;;;;;;;CRETON;Orlane;CE1;;;;;;;;
M.;;CROULLEBOIS;Valeriu;36 Cité Bauer;61250;Lonrai;;;;;;;CROULLEBOIS;Sébastien;CE2;;;;;;;;
M.;;CUCHET;Franck;59 Rue Bellini;61250;Valframbert;;;;;;;CUCHET;Margaux;TPS;;;;;;;;
Mme;;DA COSTA;Laurence;19 Avenue Émile-Zola;61000;Alençon;;;;;;;DA COSTA;Noémy;GS;;;;;;;;
Mme;;DA COSTA;Emmy;51 Rue Ernest-Hemingway;61000;Alençon;;;;;;;DA COSTA;Noémy;GS;;;;;;;;
Mme;;DA FONSECA RAMOS;Sophie;43 Rue de Chalon;61250;Damigny;;;;;;;RAMOS;Darline;PS;;;;;;;;
M.;;DA FONSECA RAMOS;Ketty;43 Rue de Chalon;61250;Damigny;;;;;;;RAMOS;Darline;PS;;;;;;;;
Mme;;DALY;Marina;5 Place des Grès;61000;Alençon;;;;;;;POIRIER;Alima;PS;;;;;;;;
Mme;;D'AMICO;Nathalie Madeleine;12 Cité Jandelle;61000;Saint Germain du Corbéis;;;;;;;D'AMICO;Dorian;PS;;;;;;;;
Mme;;D'AMICO;Murielle;12 Cité Jandelle;61000;Saint Germain du Corbéis;;;;;;;D'AMICO;Dorian;PS;;;;;;;;
Mme;;DANDRIEUX;Isabelle;24 Rue François-Coppée;61250;Valframbert;;;;;;;GRIGAUT;Raphaël;CM1;;;;;;;;
M.;;DAUDIER;Jose;57 Rue Guillaume-Tell;61250;Damigny;;;;;;;DAUDIER;Nicolas;GS;;;;;;;;
Mme;;DAUDIER;Corinne;57 Rue Guillaume-Tell;61250;Damigny;;;;;;;DAUDIER;Nicolas;GS;;;;;;;;
Mme;;DAVOUST;Fabienne;9 Quai de la Gironde;61000;Alençon;;;;;;;POTIER;Amélie;CE1;;;;;;;;
Mme;;DE FERLUC;Carine;59 Place du Docteur-Félix-Lobligeois;61000;Alençon;;;;;;;VIAS;Anna;CM1;;;;;;;;
M.;;DE FREITAS;Vincent;30 Place des Grès;61000;Alençon;;;;;;;DE FREITAS;Tanya;CLIS;;;;;;;;
Mme;;DE FREITAS;Isabelle;30 Place des Grès;61000;Alençon;;;;;;;DE FREITAS;Tanya;CLIS;;;;;;;;
M.;;DE GAUDEMONT;Robert;26 Rue Fernand-Raynaud;61000;Alençon;;;;;;;DE GAUDEMONT;Angéle;PS;;;;;;;;
Mme;;DE GAUDEMONT;Nathalie;26 Rue Fernand-Raynaud;61000;Alençon;;;;;;;DE GAUDEMONT;Angéle;PS;;;;;;;;
Mme;;DE LEMOS;Béatrice;38 Rue d'Édimbourg;61000;Alençon;;;;;;;DA COSTA;Marion;PS;;;;;;;;
M.;;DE SOUSA;Félix;60 Rue des Chantres;61000;Cerisé;;;;;;;DE SOUSA;Lou;TPS;;;;;;;;
Mme;;DE SOUSA;Virginie;60 Rue des Chantres;61000;Cerisé;;;;;;;DE SOUSA;Lou;TPS;;;;;;;;
M.;;DE SOUSA PEREIRA;Michel;57 Rue de Beaune;61250;Damigny;;;;;;;PEREIRA GOMES;Mélissa;PS;;;;;;;;
Mme;;DEBUISSON;Sandrine;42 Rue de Chalon;61000;Saint Germain du Corbéis;;;;;;;DEBUISSON;Méline;CE2;;;;;;;;
M.;;DEBUISSON;Florent;42 Rue de Chalon;61000;Saint Germain du Corbéis;;;;;;;DEBUISSON;Méline;CE2;;;;;;;;
Mme;;DECHEF BITRAN;Isabelle;18 Avenue du Général-Maistre;61250;Lonrai;;;;;;;DUBOIS;Camille;CE1;;;;;;;;
Mme;;DECKER-MAUDUIT;Florence;11 Rue Duhesme;61000;Saint Germain du Corbéis;;;;;;;THEVEU;Mathis;CM1;;;;;;;;
M.;;DEL;Olivier;54 Rue Beethoven;61000;Alençon;;;;;;;MAITRE-DEL;Ilona;CE1;;;;;;;;
Mme;;DELAUNAY;Laure;17 Rue des Fossés-Saint-Jacques;72610;Chenay;;;;;;;DELAUNAY;Julien;TPS;;;;;;;;
M.;;DELAUNAY;Alex;17 Rue des Fossés-Saint-Jacques;72610;Chenay;;;;;;;DELAUNAY;Julien;TPS;;;;;;;;
M.;;DEMERRISSE;Olivier;32 Rue Georges-Desplas;61000;Alençon;;;;;;;DEMERRISSE;Jérémy;CM2;;;;;;;;
M.;;DEMOULINS;David;49 Rue Donizetti;61000;Alençon;;;;;;;DEMOULINS;Angelina;GS;;;;;;;;
Mme;;DEMOULINS;Windye;49 Rue Donizetti;61000;Alençon;;;;;;;DEMOULINS;Angelina;GS;;;;;;;;
Mme;;DEMSKI;Valérie;5 Rue Fauvet;61000;Alençon;;;;;;;DUPUIS;Susie;TPS;;;;;;;;
Mme;;DESBOIS;Alisson;37 Rue Dénoyez;61000;Cerisé;;;;;;;DEMERRISSE;Jérémy;CM2;;;;;;;;
M.;;DESOUSA;Gilles;6 Rue Dupuytren;72610;Lignières la Carelle;;;;;;;DE SOUSA;Clémence;CE2;;;;;;;;
Mme;;DESOUSA;Pascale;6 Rue Dupuytren;72610;Lignières la Carelle;;;;;;;DE SOUSA;Clémence;CE2;;;;;;;;
Mme;;DESPRES;Muriel;46 Avenue du Général-Michel-Bizot;61000;Alençon;;;;;;;TAFFOREAU;Mélanie;TPS;;;;;;;;
M.;;DEVAULX;Fabrice;36 Avenue Delecourt;61000;Alençon;;;;;;;DEVAULX;Nolwenn;PS;;;;;;;;
Mme;;DEVAULX;Chantal;36 Avenue Delecourt;61000;Alençon;;;;;;;DEVAULX;Nolwenn;PS;;;;;;;;
Mme;;DJILALI;Sandrine;24 Rue Dupuy-de-Lôme;61250;Lonrai;;;;;;;DJILALI;Kenza;MS;;;;;;;;
M.;;DJILALI;Paul;24 Rue Dupuy-de-Lôme;61250;Lonrai;;;;;;;DJILALI;Kenza;MS;;;;;;;;
M.;;DOGUET;Marc;57 Passage Hébrard;61000;Saint Germain du Corbéis;;;;;;;DOGUET;Andréa;MS;;;;;;;;
M.;;DORE;Laurent;58 Rue Hermel;61000;Alençon;;;;;;;DORE;Samanta;GS;;;;;;;;
M.;;DRAHONNET;Franck;18 Impasse Florimont;61000;Alençon;;;;;;;DRAHONNET;Cassandra;CP;;;;;;;;
Mme;;DRAHONNET;Isabelle;18 Impasse Florimont;61000;Alençon;;;;;;;DRAHONNET;Cassandra;CP;;;;;;;;
M.;;DRAMARD;Bernard;55 Place Alfred-Kastler;61000;Alençon;;;;;;;DRAMARD;Elsa;PS;;;;;;;;
Mme;;DRAMARD;Françoise;55 Place Alfred-Kastler;61000;Alençon;;;;;;;DRAMARD;Elsa;PS;;;;;;;;
M.;;DROUILLAC;Joaquim;18 Rue du Général-Renault;61000;Cerisé;;;;;;;DROUILLAC;Lucas;CE1;;;;;;;;
Mme;;DROUILLAC;Stephanie;18 Rue du Général-Renault;61000;Cerisé;;;;;;;DROUILLAC;Lucas;CE1;;;;;;;;
Mme;;DUARTE DE FREITAS;Fanta;38 Rue Gaston-Rébuffat;61000;Alençon;;;;;;;DUARTE DE FREITAS;Magalie;CP;;;;;;;;
Mme;;DUARTE DE FREITAS;Magali;38 Rue Gaston-Rébuffat;61000;Alençon;;;;;;;DUARTE DE FREITAS;Magalie;CP;;;;;;;;
M.;;DUBOIS;Vincent;58 Rue de la Duée;61000;Alençon;;;;;;;DUBOIS;Camille;CE1;;;;;;;;
M.;;DUBOIS CHAUDERON;Thierry;38 Impasse de l'École;61000;Alençon;;;;;;;DUBOIS CHAUDERON;Téo;CE1;;;;;;;;
Mme;;DUBOIS CHAUDERON;Rosine;38 Impasse de l'École;61000;Alençon;;;;;;;DUBOIS CHAUDERON;Téo;CE1;;;;;;;;
M.;;DULAC;Didier;19 Cité Fénelon;61000;Alençon;;;;;;;DULAC;Théo;CM1;;;;;;;;
M.;;DULOT;Roger;7 Passage d'Eupatoria;61250;Pacé;;;;;;;DULOT;Sarah;PS;;;;;;;;
Mme;;DULOT;Carole;7 Passage d'Eupatoria;61250;Pacé;;;;;;;DULOT;Sarah;PS;;;;;;;;
Mme;;DUMONT;Sandra;49 Villa Dancourt;61000;Alençon;;;;;;;DUMONT;Nina;GS;;;;;;;;
M.;;DUMONT;Patrice;49 Villa Dancourt;61000;Alençon;;;;;;;DUMONT;Nina;GS;;;;;;;;
M.;;DUPAS;Luc;8 Passage Du-Guesclin;61000;Alençon;;;;;;;LEYVA RINCON;Gauthier;CP;;;;;;;;
M.;;DUPONT;Nicolas;59 Rue Henri-Duchène;61000;Alençon;;;;;;;DUPONT;Juliana;CLIS;;;;;;;;
Mme;;DUPONT;Estelle;59 Rue Henri-Duchène;61000;Alençon;;;;;;;DUPONT;Juliana;CLIS;;;;;;;;
Mme;;DUPREY;Philippe;50 Passage du Champ-à-Loup;61250;Pacé;;;;;;;CARGEMEL;Mallaury;CE2;;;;;;;;
M.;;DUPUIS;Christophe;50 Rue Belgrand;61000;Alençon;;;;;;;DUPUIS;Lika;CM2;;;;;;;;
M.;;DUPUIS;Patrick;41 Rue Ernest-et-Henri-Rousselle;61000;Alençon;;;;;;;DUPUIS;Susie;TPS;;;;;;;;
M.;;DURGET;Herve;21 Rue des Deux-Gares;61000;Alençon;;;;;;;DURGET;Eloïse;MS;;;;;;;;
Mme;;DURGET;Agnes;21 Rue des Deux-Gares;61000;Alençon;;;;;;;DURGET;Eloïse;MS;;;;;;;;
Mme;;ENEMAN;Marie-Anne;15 Rue de l'Abbé-Soulange-Bodin;61000;Alençon;;;;;;;ENEMAN;Morgane;CE2;;ENEMAN;Charlotte;TPS;;;;
M.;;ENEMAN;Alexandre;15 Rue de l'Abbé-Soulange-Bodin;61000;Alençon;;;;;;;ENEMAN;Morgane;CE2;;ENEMAN;Charlotte;TPS;;;;
Mme;;ERDMANN;Valerie;48 Place Georges-Berry;61000;Alençon;;;;;;;HESNARD;Johan;MS;;;;;;;;
Mme;;FACQUEUR;Karine;58 Rue de Chaillot;72610;Lignières la Carelle;;;;;;;PALUSSIERE;Maxime;CM1;;;;;;;;
Mme;;FAVRE;Nathalie;59 Square du Graisivaudan;61000;Alençon;;;;;;;FAVRE;Bastien;CLIS;;;;;;;;
M.;;FAVRE;Ougau;59 Square du Graisivaudan;61000;Alençon;;;;;;;FAVRE;Bastien;CLIS;;;;;;;;
M.;;FERNANDES DA COSTA;Eric;23 Rue Émile-Gilbert;61250;Damigny;;;;;;;DA COSTA;Marion;PS;;;;;;;;
Mme;;FERNANDES DA COSTA;Stéphanie;36 Rue Ginette-Neveu;61000;Alençon;;;;;;;DA COSTA;Marion;PS;;;;;;;;
Mme;;FERREIRA;Stéphanie;42 Rue des Frères-Flavien;61000;Alençon;;;;;;;FERREIRA;James;GS;;;;;;;;
Mme;;FERREIRA;Stéphanie;41 Cité Falaise;61000;Alençon;;;;;;;FERREIRA;Mélissa;CM2;;;;;;;;
M.;;FERREIRA;Eric;35 Rue Godot-de-Mauroy;61000;Alençon;;;;;;;FERREIRA;James;GS;;;;;;;;
M.;;FERREIRA;Cyril;33 Rue de l'Équerre;61000;Alençon;;;;;;;FERREIRA;Mélissa;CM2;;;;;;;;
M.;;FERREIRA DE ALMEIDA;François;27 Allée Gabrielle-d'Estrées;72610;Chenay;;;;;;;FERREIRA DE ALMEIDA;Malfada;CE2;;;;;;;;
Mme;;FERREIRA DE ALMEIDA;Sidney;27 Allée Gabrielle-d'Estrées;72610;Chenay;;;;;;;FERREIRA DE ALMEIDA;Malfada;CE2;;;;;;;;
Mme;;FILIPE;Caroline;14 Rue des Haies;61000;Alençon;;;;;;;FILIPE;Sonia;CE2;;;;;;;;
M.;;FILIPE;José;14 Rue des Haies;61000;Alençon;;;;;;;FILIPE;Sonia;CE2;;;;;;;;
Mme;;FLORIOT;Muriel;31 Rue Émile-Faguet;61000;Alençon;;;;;;;POLIZZI;Romane;MS;;;;;;;;
M.;;FOLTETE;Stephane;20 Rue Daumier;61250;Damigny;;;;;;;FOLTETE;Chloé;CP;;;;;;;;
Mme;;FOLTETE;Laëtitia;20 Rue Daumier;61250;Damigny;;;;;;;FOLTETE;Chloé;CP;;;;;;;;
Mme;;FONTAINE-GOMES DE OLIVEIR;Isabelle;7 Rue de la Glacière;61250;Lonrai;;;;;;;GOMES DE OLIVEIRA;Ethan;CP;;;;;;;;
Mme;;FRICOT;Christine;47 Rue Jacquemont;61000;Alençon;;;;;;;FRICOT;Ethan;CM2;;;;;;;;
M.;;FRICOT;Cyril;47 Rue Jacquemont;61000;Alençon;;;;;;;FRICOT;Ethan;CM2;;;;;;;;
M.;;FURUI;Eric;9 Avenue du Général-San-Martin;72610;Saint Paterne;;;;;;;FURUI;Mahé;CM2;;;;;;;;
Mme;;FURUI;Carole;9 Avenue du Général-San-Martin;72610;Saint Paterne;;;;;;;FURUI;Mahé;CM2;;;;;;;;
Mme;;GALIBOURG;Laure;38 Rue du Figuier;61000;Saint Germain du Corbéis;;;;;;;GALIBOURG;Fabien;CP;;;;;;;;
Mme;;GARCON;Nadia;36 Cour Delépine;61000;Alençon;;;;;;;GARCON;Tristan;TPS;;;;;;;;
M.;;GARCON;Frédéric;36 Cour Delépine;61000;Alençon;;;;;;;GARCON;Tristan;TPS;;;;;;;;
Mme;;GARRAUD;Maryline;16 Rue Fénelon;61250;Pacé;;;;;;;GARRAUD;Albane;CM2;;;;;;;;
M.;;GARRAUD;Nicolas;16 Rue Fénelon;61250;Pacé;;;;;;;GARRAUD;Albane;CM2;;;;;;;;
Mme;;GAULIN;Philippe;1 Passage Fréquel;61000;Cerisé;;;;;;;GAULIN;Eva;PS;;;;;;;;
M.;;GAULIN;Claude;22 Rue des Favorites;61000;Alençon;;;;;;;GAULIN;Eva;PS;;;;;;;;
M.;;GAUTHIER;Olivier;46 Rue Gutenberg;61000;Alençon;;;;;;;GAUTHIER;Garance;CE2;;;;;;;;
Mme;;GEMON;Angèle;12 Rue Camille-Bombois;61250;Condé sur Sarthe;;;;;;;GEMON;Mingxu;CLIS;;;;;;;;
M.;;GEMON;François;12 Rue Camille-Bombois;61250;Condé sur Sarthe;;;;;;;GEMON;Mingxu;CLIS;;;;;;;;
M.;;GERARD;Thierry;49 Rue Bachaumont;61000;Alençon;;;;;;;GERARD;Thomas;GS;;;;;;;;
M.;;GILLARD;André;4 Rue de la Cerisaie;72610;Saint Paterne;;;;;;;GILLARD;Nawel;CLIS;;;;;;;;
Mme;;GIORGETTA;Veronique;40 Cité Hittorf;72610;Saint Paterne;;;;;;;NGUYEN PHU HUNG;Amel;CM2;;;;;;;;
Mme;;GIORGETTA;Veronique;1 Avenue Ferdinand-Buisson;72610;Saint Paterne;;;;;;;NGUYEN PHU HUNG;Edwige;CE2;;;;;;;;
Mme;;GIRARD;Marie-Line;49 Rue Gaston-Tessier;61000;Alençon;;;;;;;GOVINDIN;Celia;GS;;;;;;;;
M.;;GOEGEL;Bruno;27 Rue Xaintrailles;61000;Alençon;;;;;;;GOEGEL;Glodi;CM1;;;;;;;;
M.;;GOMES DE OLIVEIRA;Pascal;44 Rue Daunou;61000;Saint Germain du Corbéis;;;;;;;GOMES DE OLIVEIRA;Ethan;CP;;;;;;;;
M.;;GONNET;Franck;45 Rue Casimir-Delavigne;61250;Lonrai;;;;;;;GONNET;Yasmine;CE1;;;;;;;;
Mme;;GONNET;Philippe;45 Rue Casimir-Delavigne;61250;Lonrai;;;;;;;GONNET;Yasmine;CE1;;;;;;;;
M.;;GORE;Luc;28 Rue des Forges;61000;Alençon;;;;;;;GORE;Sharon;CM2;;;;;;;;
M.;;GOVINDIN;Laurent;15 Rue des Déchargeurs;61250;Valframbert;;;;;;;GOVINDIN;Celia;GS;;;;;;;;
Mme;;GRATPANCHE;Philippe;#N/A;61250;Condé sur Sarthe;;;;;;;GRATPANCHE;Julien;PS;;;;;;;;
M.;;GRATPANCHE;Laurent;#N/A;61250;Condé sur Sarthe;;;;;;;GRATPANCHE;Julien;PS;;;;;;;;
Mme;;GRAZIANI;Delphine;36 Boulevard Henri-IV;61000;Alençon;;;;;;;GRAZIANI;Robert-Edouard;GS;;;;;;;;
M.;;GRAZIANI;Frédérick;15 Rue Chanzy;61250;Damigny;;;;;;;GRAZIANI;Robert-Edouard;GS;;;;;;;;
M.;;GRAZIANO;Joel;33 Rue Desgenettes;61000;Alençon;;;;;;;GRAZIANO;Manon;CE1;;;;;;;;
Mme;;GRAZIANO;Caroline;33 Rue Desgenettes;61000;Alençon;;;;;;;GRAZIANO;Manon;CE1;;;;;;;;
M.;;GRIGAUT;Marc;39 Passage Goix;61000;Alençon;;;;;;;GRIGAUT;Raphaël;CM1;;;;;;;;
M.;;GRIVIAUD;Jacky;49 Port Debilly;61250;Pacé;;;;;;;GRIVIAUD;Cynthia;CLIS;;;;;;;;
Mme;;GRIVIAUD;Céline;49 Port Debilly;61250;Pacé;;;;;;;GRIVIAUD;Cynthia;CLIS;;;;;;;;
M.;;GUEDON;Laurent;11 Villa Dupont;61000;Alençon;;;;;;;GUEDON;Julien;CE1;;;;;;;;
Mme;;GUEDON;Odile;11 Villa Dupont;61000;Alençon;;;;;;;GUEDON;Julien;CE1;;;;;;;;
Mme;;GUILBOT;Valerie;57 Place du Docteur-Alfred-Fournier;61000;Alençon;;;;;;;GUILBOT;Lucas;MS;;;;;;;;
M.;;GUILBOT;Jacky;57 Place du Docteur-Alfred-Fournier;61000;Alençon;;;;;;;GUILBOT;Lucas;MS;;;;;;;;
Mme;;GUILLARMOU;Sylvie;23 Passage du Champ-Marie;61000;Alençon;;;;;;;GUILLARMOU;Oxana;TPS;;;;;;;;
M.;;GUILLARMOU;José;23 Passage du Champ-Marie;61000;Alençon;;;;;;;GUILLARMOU;Oxana;TPS;;;;;;;;
Mme;;GUTMANN;Sandrine;57 Rue de Dantzig;61250;Condé sur Sarthe;;;;;;;GUTMANN;Maéva;CE1;;;;;;;;
M.;;GUTMANN;Abdelhamid;57 Rue de Dantzig;61250;Condé sur Sarthe;;;;;;;GUTMANN;Maéva;CE1;;;;;;;;
M.;;HACQUES;Christian;6 Rue Japy;61000;Alençon;;;;;;;HACQUES;Thelma;CM2;;HACQUES;Chaima;CM2;;;;
Mme;;HACQUES;Marguerite;6 Rue Japy;61000;Alençon;;;;;;;HACQUES;Thelma;CM2;;HACQUES;Chaima;CM2;;;;
Mme;;HALBOUT;Isabelle;49 Rue Demarquay;72610;Chenay;;;;;;;HALBOUT;Louis;GS;;;;;;;;
M.;;HALBOUT;Nourdine;49 Rue Demarquay;72610;Chenay;;;;;;;HALBOUT;Louis;GS;;;;;;;;
Mme;;HAN;Sandrine;23 Quai Henri-IV;61250;Pacé;;;;;;;HAN;Nouri;PS;;;;;;;;
M.;;HAN;Issouf;23 Quai Henri-IV;61250;Pacé;;;;;;;HAN;Nouri;PS;;;;;;;;
M.;;HEBERT;Jean-Marc;22 Rue de la Grange-aux-Belles;61250;Pacé;;;;;;;HEBERT;Ines;CM1;;;;;;;;
Mme;;HEBERT;Martine;22 Rue de la Grange-aux-Belles;61250;Pacé;;;;;;;HEBERT;Ines;CM1;;;;;;;;
Mme;;HENRY;Catherine;6 Rue Japy;61000;Alençon;;;;;;;CHAUMONT;Manuella;CLIS;;;;;;;;
Mme;;HERSON;Laëtitia;55 Passage Delessert;61000;Alençon;;;;;;;LEBOEUF;Axelle;CP;;;;;;;;
M.;;HESNARD;Patrick;45 Rue du Général-Grossetti;72610;Chenay;;;;;;;HESNARD;Johan;MS;;;;;;;;
Mme;;HOUGUENADE;Stephanie;15 Rue Ballu;61250;Pacé;;;;;;;WILMOUTH;Laura;CP;;;;;;;;
Mme;;HUYGE;Virginie;19 Rue de l'École-de-Médecine;61000;Alençon;;;;;;;DULAC;Théo;CM1;;;;;;;;
Mme;;IOTTI;Magalie;38 Rue Francis-Carco;61000;Alençon;;;;;;;GOEGEL;Glodi;CM1;;;;;;;;
M.;;IOULAIN;Christian;7 Rue du Général-Renault;61000;Alençon;;;;;;;IOULAIN;Margaux;CM1;;;;;;;;
Mme;;IOULAIN;Carole;7 Rue du Général-Renault;61000;Alençon;;;;;;;IOULAIN;Margaux;CM1;;;;;;;;
M.;;JACQUET;Richard;2 Square de la Gascogne;61250;Pacé;;;;;;;JACQUET;Corentin;CE1;;;;;;;;
Mme;;JALABERT;Nathalie;14 Rue de Chambéry;61000;Cerisé;;;;;;;CROULLEBOIS;Sébastien;CE2;;;;;;;;
Mme;;JAMET;Fanny;2 Rue Daru;61000;Alençon;;;;;;;JAMET;Arthur;GS;;;;;;;;
M.;;JAMET;David;38 Rue Élisa-Borey;61000;Alençon;;;;;;;JAMET;Arthur;GS;;;;;;;;
M.;;JAPEL;Loïc;6 Rue du Général-Séré-de-Rivières;61000;Alençon;;;;;;;JAPEL;Julien;CM1;;;;;;;;
M.;;JEAN;Germain;19 Rue du Capitaine-Olchanski;61250;Damigny;;;;;;;JEAN;Mélanie;CM1;;;;;;;;
Mme;;JEAN;Maria;19 Rue du Capitaine-Olchanski;61250;Damigny;;;;;;;JEAN;Mélanie;CM1;;;;;;;;
Mme;;JOYEZ;Carine;9 Rue Greffulhe;61000;Alençon;;;;;;;JOYEZ;Typhaine;PS;;;;;;;;
Mme;;JOYEZ;Carine;49 Rue Hermann-Lachapelle;72610;Lignières la Carelle;;;;;;;JOYEZ;Cécile;CLIS;;;;;;;;
M.;;JOYEZ;Andre;12 Villa du Danube;61000;Alençon;;;;;;;JOYEZ;Typhaine;PS;;;;;;;;
M.;;JOYEZ;Andre;29 Rue Baste;61000;Alençon;;;;;;;JOYEZ;Cécile;CLIS;;;;;;;;
M.;;KANE;Wilfrid;58 Rue Dumont-d'Urville;61000;Alençon;;;;;;;KANE;Adeline;GS;;;;;;;;
M.;;KIN;Maurice;57 Rue Gustave-Goublier;61000;Alençon;;;;;;;KIN;Lucas;PS;;;;;;;;
Mme;;KIN;Elisabeth;57 Rue Gustave-Goublier;61000;Alençon;;;;;;;KIN;Lucas;PS;;;;;;;;
M.;;LABARRE;Eric;8 Rue de Castiglione;61000;Alençon;;;;;;;LABARRE;Coline;CP;;;;;;;;
M.;;LABATE;Laurent;51 Avenue Albert-de-Mun;72610;Saint Paterne;;;;;;;LABATE;Eleanore;CP;;;;;;;;
Mme;;LABATE;Isabelle;40 Rue de la Faisanderie;61250;Lonrai;;;;;;;LABATE;Eleanore;CP;;;;;;;;
M.;;LABBE;Sylvain;58 Impasse Fortin;61000;Alençon;;;;;;;LABBE;Antoine;MS;;;;;;;;
Mme;;LABBE;Nathalie;58 Impasse Fortin;61000;Alençon;;;;;;;LABBE;Antoine;MS;;;;;;;;
Mme;;LACROIX;Houria;26 Rue des Gravilliers;61000;Alençon;;;;;;;LACROIX;Théo;CM1;;;;;;;;
M.;;LACROIX;Jean-Francois;26 Rue des Gravilliers;61000;Alençon;;;;;;;LACROIX;Théo;CM1;;;;;;;;
Mme;;LAMANT;Edwige;19 Rue du Capitaine-Scott;61000;Alençon;;;;;;;SEGALA BADIALI;Camille;CE2;;;;;;;;
Mme;;LANCRE;Isabelle;10 Rue Félibien;61000;Cerisé;;;;;;;PAUTY;Joan;CM2;;;;;;;;
Mme;;LARDEAU;Genevieve;27 Boulevard de Douaumont;61000;Alençon;;;;;;;ROSIELLO;Morad;CM2;;ROSIELLO;Raphaël;CE1;;;;
Mme;;LARGO;Nene Annie;18 Rue Bachaumont;61000;Alençon;;;;;;;LARGO;Elise;GS;;;;;;;;
Mme;;LARGO;Christel;18 Rue Bachaumont;61000;Alençon;;;;;;;LARGO;Elise;GS;;;;;;;;
M.;;LE COZ;Gilles;47 Quai d'Issy-les-Moulineaux;61000;Alençon;;;;;;;LE COZ;Quentin;CLIS;;;;;;;;
Mme;;LE COZ;Carole;47 Quai d'Issy-les-Moulineaux;61000;Alençon;;;;;;;LE COZ;Quentin;CLIS;;;;;;;;
M.;;LE GARRERES;Stéphane;10 Cité Dupont;61000;Alençon;;;;;;;LE GARRERES;Alexandre;CM2;;LE GARRERES;Esra;PS;;;;
Mme;;LE GARRERES;Dominique;10 Cité Dupont;61000;Alençon;;;;;;;LE GARRERES;Alexandre;CM2;;LE GARRERES;Esra;PS;;;;
Mme;;LE GOFF;Véronique;48 Rue Félix-Faure;61000;Alençon;;;;;;;LE GOFF;Willam;CE1;;;;;;;;
M.;;LE GOFF;Stéphane;48 Rue Félix-Faure;61000;Alençon;;;;;;;LE GOFF;Willam;CE1;;;;;;;;
M.;;LE MARQUIS;Cédric;28 Rue Caillié;61000;Alençon;;;;;;;LE MARQUIS;Claire;CM2;;;;;;;;
M.;;LE MARQUIS;François;28 Rue Caillié;61000;Alençon;;;;;;;LE MARQUIS;Claire;CM2;;;;;;;;
M.;;LE NUE;Jean-Noël;5 Rue du Général-Roques;61000;Alençon;;;;;;;LE NUE;Kévin;CP;;;;;;;;
Mme;;LE NUE;Sandra;5 Rue du Général-Roques;61000;Alençon;;;;;;;LE NUE;Kévin;CP;;;;;;;;
Mme;;LE ROUX;Karine;22 Rue Basse-des-Carmes;61250;Lonrai;;;;;;;GALIBOURG;Fabien;CP;;;;;;;;
M.;;LEBLOND;Victor;12 Rue Frédéric-Mistral;61000;Alençon;;;;;;;LEBLOND;Maxime;MS;;;;;;;;
Mme;;LEBLOND;Annie;11 Rue du Général-de-Castelnau;61000;Saint Germain du Corbéis;;;;;;;LEBLOND;Maxime;MS;;;;;;;;
M.;;LEBOEUF;Eric;7  Allée Adrienne-Lecouvreur;61000;Alençon;;;;;;;LEBOEUF;Axelle;CP;;;;;;;;
Mme;;LECLAIR;Isabelle;8 Rue Eugène-Delacroix;61000;Alençon;;;;;;;LECLAIR;Julien;CM2;;;;;;;;
Mme;;LECLAIR;Beatrice;8 Rue Eugène-Delacroix;61000;Alençon;;;;;;;LECLAIR;Julien;CM2;;;;;;;;
Mme;;LECLERC;Veronique;14 Rue du Général-Grossetti;72610;Chenay;;;;;;;RIBEIRO;Léa;MS;;;;;;;;
Mme;;LEDIN;Aurelie;3 Square Desnouettes;61000;Alençon;;;;;;;LEDIN;Valentine;CM1;;;;;;;;
M.;;LEDIN;Stéphane;3 Square Desnouettes;61000;Alençon;;;;;;;LEDIN;Valentine;CM1;;;;;;;;
Mme;;LEGAY;Isabelle;25 Passage du Grand-Cerf;61000;Alençon;;;;;;;LEGAY;Pierrick;CP;;;;;;;;
M.;;LEGAY;Laurent;25 Passage du Grand-Cerf;61000;Alençon;;;;;;;LEGAY;Pierrick;CP;;;;;;;;
M.;;LEGEAY;Abdulhalik;23 Place du Carrousel;61000;Alençon;;;;;;;LEGEAY;Fabio;CE1;;;;;;;;
Mme;;LEGEAY;Sabine;23 Place du Carrousel;61000;Alençon;;;;;;;LEGEAY;Fabio;CE1;;;;;;;;
M.;;LEHMANN;Florent;35 Rue Benjamin-Godard;61000;Alençon;;;;;;;LEHMANN;Hugo;TPS;;LEHMANN;Rémy;CE1;;LEHMANN;Mathis;MS
Mme;;LEHMANN;Marie-Laure;35 Rue Benjamin-Godard;61000;Alençon;;;;;;;LEHMANN;Hugo;TPS;;LEHMANN;Rémy;CE1;;LEHMANN;Mathis;MS
Mme;;LELONG;Genevieve;16 Avenue Ernest-Reyer;61000;Alençon;;;;;;;BOUDAUD;Mathis;CM1;;;;;;;;
Mme;;LEPOIX;Nathalie;41 Rue Alexandre-de-Humboldt;61000;Alençon;;;;;;;BENNE;Emilie;PS;;;;;;;;
M.;;LEPROUX;William;56 Rue Carcel;72610;Lignières la Carelle;;;;;;;LEPROUX;Kilian;CE2;;LEPROUX;Simon;CLIS;;;;
Mme;;LEPROUX;Chantal;56 Rue Carcel;72610;Lignières la Carelle;;;;;;;LEPROUX;Kilian;CE2;;LEPROUX;Simon;CLIS;;;;
M.;;LEQUET;Thierry;38 Place du Général-Konig;72610;Saint Paterne;;;;;;;LEQUET;Bastien;CM2;;;;;;;;
Mme;;LEQUET;Evelyne;38 Place du Général-Konig;72610;Saint Paterne;;;;;;;LEQUET;Bastien;CM2;;;;;;;;
M.;;LHOSTE;Georges;26 Rue Gabriel-Vicaire;61000;Alençon;;;;;;;LHOSTE;Olivier;CE1;;;;;;;;
Mme;;LONG;Véronique;37 Allée Darius-Milhaud;61000;Alençon;;;;;;;DOGUET;Andréa;MS;;;;;;;;
Mme;;LUCE;Christine;23 Rue du Docteur-Tuffier;61000;Cerisé;;;;;;;WOLFS;Sarah;GS;;;;;;;;
M.;;LUSSIANA;Frédéric;18 Square Got;61000;Alençon;;;;;;;LUSSIANA;Nathan;GS;;;;;;;;
Mme;;LUSSIANA;Nathalie;18 Square Got;61000;Alençon;;;;;;;LUSSIANA;Nathan;GS;;;;;;;;
Mme;;LUTJENS;Hassiba;21 Rue Caillié;61000;Alençon;;;;;;;LUTJENS;Arnaud;CE2;;;;;;;;
M.;;LUTJENS;David;21 Rue Caillié;61000;Alençon;;;;;;;LUTJENS;Arnaud;CE2;;;;;;;;
M.;;MADRANGE;Jean-Christophe;13 Impasse Haxo;61000;Alençon;;;;;;;MADRANGE;Morgane;CE1;;;;;;;;
Mme;;MADRANGE;Laetitia;13 Impasse Haxo;61000;Alençon;;;;;;;MADRANGE;Morgane;CE1;;;;;;;;
Mme;;MAITRE;Philippe;7 Avenue du Docteur-Lannelongue;61000;Alençon;;;;;;;MAITRE;Lila;CM2;;;;;;;;
M.;;MAITRE;Jose;7 Avenue du Docteur-Lannelongue;61000;Alençon;;;;;;;MAITRE;Lila;CM2;;;;;;;;
Mme;;MAITRE;Salima;11 Rue Fresnel;61000;Alençon;;;;;;;MAITRE-DEL;Ilona;CE1;;;;;;;;
Mme;;MALAHIEUDE;Mouraz;13 Rue Henri-de-Bornier;61000;Alençon;;;;;;;MALAHIEUDE;Maxime;CLIS;;;;;;;;
M.;;MALGUY;Idalio;57 Place Bataillon-Français-de-L'O.-N.-U.-En-Corée;61000;Alençon;;;;;;;MALGUY;Anastacia;CE2;;;;;;;;
Mme;;MALGUY;Lisbeth;46 Place Falguière;61000;Alençon;;;;;;;LE GARRERES;Alexandre;CM2;;MALGUY;Anastacia;CE2;;;;
M.;;MALNOULT;Thierry;38 Place Dalida;61000;Alençon;;;;;;;MALNOULT;Emma;CE2;;;;;;;;
M.;;MANLAN;Olivier;28 Avenue des Canadiens;61250;Valframbert;;;;;;;MANLAN;Estelle;PS;;;;;;;;
M.;;MARCELINO;Paulo;18 Place François-Ier;61000;Alençon;;;;;;;MARCELINO;Lucas;MS;;;;;;;;
Mme;;MARCELINO;Valerie;18 Place François-Ier;61000;Alençon;;;;;;;MARCELINO;Lucas;MS;;;;;;;;
Mme;;MARTINEZ;Isabelle;10 Rue Henri-Huchard;61000;Alençon;;;;;;;MARTINEZ;Alexandre;CE2;;MARTINEZ;Marjolaine;CM1;;;;
Mme;;MARTINI;Philippe;60 Avenue du Général-Détrie;61250;Condé sur Sarthe;;;;;;;MARTINI;Louis;CM1;;;;;;;;
M.;;MARTINI;Nuno Filipé;60 Avenue du Général-Détrie;61250;Condé sur Sarthe;;;;;;;MARTINI;Louis;CM1;;;;;;;;
M.;;MARTINOT;Jonathan;55 Villa Championnet;61000;Alençon;;;;;;;MARTINOT;Vincent;CM2;;;;;;;;
Mme;;MARTINOT;Evelyne;55 Villa Championnet;61000;Alençon;;;;;;;MARTINOT;Vincent;CM2;;;;;;;;
Mme;;MATHIEU;Philippe;1 Rue de l'Abbé-Patureau;61000;Alençon;;;;;;;MATHIEU;Léa;MS;;;;;;;;
M.;;MATHIEU;Cyril;1 Rue de l'Abbé-Patureau;61000;Alençon;;;;;;;MATHIEU;Léa;MS;;;;;;;;
Mme;;MAURY;Virginie;10 Rue Dupetit-Thouars;61000;Alençon;;;;;;;VICHE;Manon;CP;;;;;;;;
Mme;;MBARGA;Stéphanie;50 Villa des Entrepreneurs;61000;Alençon;;;;;;;SAVARIAUD;Emma;TPS;;;;;;;;
M.;;MEUNIER;Sylvain;35 Impasse du Gué;61000;Alençon;;;;;;;MEUNIER;Clémentine;MS;;;;;;;;
Mme;;MEUNIER;Sophie;35 Impasse du Gué;61000;Alençon;;;;;;;MEUNIER;Clémentine;MS;;;;;;;;
Mme;;MONET;Stéphanie;25 Quai de Gesvres;61000;Alençon;;;;;;;CHARPENTIER;Yanis;MS;;;;;;;;
Mme;;MORAND;Christine;33 Pont des Invalides;61000;Alençon;;;;;;;MORAND;Jeremy;CP;;;;;;;;
M.;;MORAND;Laurent;33 Pont des Invalides;61000;Alençon;;;;;;;MORAND;Jeremy;CP;;;;;;;;
M.;;MOREIRA DA COSTA;François;33 Cité Dupetit-Thouars;61000;Alençon;;;;;;;DA COSTA;Manon;CE1;;;;;;;;
Mme;;MOREIRA DA COSTA;Carole;33 Cité Dupetit-Thouars;61000;Alençon;;;;;;;DA COSTA;Manon;CE1;;;;;;;;
M.;;MOSSUR;Pascal;46 Rue Chalgrin;61000;Alençon;;;;;;;MOSSUR;Maëva;CP;;;;;;;;
Mme;;MOSSUR;Dominique;46 Rue Chalgrin;61000;Alençon;;;;;;;MOSSUR;Maëva;CP;;;;;;;;
Mme;;MOUHOUB;Jessica;36 Rue Baron;61000;Alençon;;;;;;;MOUHOUB;Jérémy;CLIS;;MOUHOUB;Angèle;GS;;;;
Mme;;MOUHOUB;Carla;36 Rue Baron;61000;Alençon;;;;;;;MOUHOUB;Jérémy;CLIS;;MOUHOUB;Angèle;GS;;;;
M.;;MOULARD;Rachid;57 Rue Jacques-Destrée;61000;Saint Germain du Corbéis;;;;;;;MOULARD;Marie;GS;;;;;;;;
Mme;;NABARRA;Sandra;7 Villa Félix-Faure;61000;Alençon;;;;;;;NABARRA;Laura;CLIS;;;;;;;;
M.;;NEGNY;Pierrick;17 Square Henri-Duparc;61000;Alençon;;;;;;;NEGNY;Mélissa;CM2;;;;;;;;
M.;;NGUYEN PHU HUNG;Patrice;9 Rue Édouard-Fournier;61000;Alençon;;;;;;;NGUYEN PHU HUNG;Amel;CM2;;;;;;;;
M.;;NGUYEN PHU HUNG;Patrice;39 Rue Jacques-Cour;61000;Alençon;;;;;;;NGUYEN PHU HUNG;Edwige;CE2;;;;;;;;
Mme;;NICOLAS;Corinne;24 Avenue Émile-Laurent;61000;Alençon;;;;;;;NICOLAS;Laury;PS;;;;;;;;
M.;;NICOLAS;Mario;24 Avenue Émile-Laurent;61000;Alençon;;;;;;;NICOLAS;Laury;PS;;;;;;;;
Mme;;NIKOLAOU;Véronique;33 Cité Falguière;61000;Alençon;;;;;;;NABARRA;Laura;CLIS;;;;;;;;
M.;;NKWEMI;Bruno;28 Rue des Guillemites;61250;Condé sur Sarthe;;;;;;;OGOULA-NKWEMI;Bastian;CM2;;;;;;;;
M.;;NOTA;Franck;58 Rue Camille-Flammarion;61000;Cerisé;;;;;;;RENIER;Nolwenn;CM1;;;;;;;;
M.;;NOZAL;Jean-Pierre;22 Rue de l'Hôtel-Colbert;61250;Damigny;;;;;;;NOZAL;Pierre;GS;;;;;;;;
Mme;;NOZAL;Sandrine;22 Rue de l'Hôtel-Colbert;61250;Damigny;;;;;;;NOZAL;Pierre;GS;;;;;;;;
Mme;;OUY;Céline;37 Rue de la Grande-Chaumière;61000;Cerisé;;;;;;;BERLIRE;Yohan;PS;;;;;;;;
Mme;;PALBRAS-CHICHPORTICH;Brigitte;22 Rue du Général-Guilhem;72610;Saint Paterne;;;;;;;CHICHPORTICH;Julie;GS;;;;;;;;
M.;;PALUSSIERE;Denis;43 Passage Basfroi;72610;Chenay;;;;;;;PALUSSIERE;Maxime;CM1;;;;;;;;
Mme;;PARENT;Carole;37 Rue Barye;61000;Alençon;;;;;;;PARENT;Julie;PS;;;;;;;;
M.;;PARENT;Hervé;37 Rue Barye;61000;Alençon;;;;;;;PARENT;Julie;PS;;;;;;;;
M.;;PATYS;Claude;5 Allée des Hortensias;61000;Alençon;;;;;;;PATYS;Gino;CE1;;;;;;;;
M.;;PAUTY;Mahmut;57 Rue George-Sand;61000;Alençon;;;;;;;PAUTY;Joan;CM2;;;;;;;;
Mme;;PELLETIER;Veronique;1 Rue Cannebière;61000;Alençon;;;;;;;JACQUET;Corentin;CE1;;;;;;;;
Mme;;PENNANEC'H;Karima;22 Place du Général-Gouraud;61000;Alençon;;;;;;;DUPUIS;Lika;CM2;;;;;;;;
M.;;PENNETIER;Mohammed;26 Rue du Docteur-Lancereaux;61250;Pacé;;;;;;;PENNETIER;Mathilde;CE2;;;;;;;;
Mme;;PERROT;Karine;12 Avenue du Général-Dubail;61000;Alençon;;;;;;;GAUTHIER;Garance;CE2;;;;;;;;
Mme;;PESERY;Christel;38 Rue de l'Aisne;61000;Alençon;;;;;;;QUINTELA;Elsa;GS;;;;;;;;
M.;;PEYRONNET;Thierry;35 Sente des Dorées;61000;Alençon;;;;;;;PEYRONNET;Pauline;CLIS;;;;;;;;
Mme;;PEYRONNET;Valérie;35 Sente des Dorées;61000;Alençon;;;;;;;PEYRONNET;Pauline;CLIS;;;;;;;;
Mme;;PEYRONNET;Sophie;30 Rue des Deux-Avenues;61000;Alençon;;;;;;;BOIREAU;Gauthier;CM1;;;;;;;;
Mme;;PICHON;Zahra;11 Square Georges-Lesage;72610;Lignières la Carelle;;;;;;;THOMMERELLE;Donovan;TPS;;;;;;;;
M.;;PICOT;Thierry;60 Rue du Capitaine-Ménard;61000;Alençon;;;;;;;PICOT;Hugo;CP;;;;;;;;
M.;;PICOT;Thierry;60 Rue du Capitaine-Ménard;61000;Alençon;;;;;;;PICOT;Rémy;TPS;;;;;;;;
Mme;;PICOT;Christelle;10 Impasse de l'Hôtel-d'Argenson;61000;Alençon;;;;;;;PICOT;Hugo;CP;;;;;;;;
Mme;;PICOT;Christelle;10 Impasse de l'Hôtel-d'Argenson;61000;Alençon;;;;;;;PICOT;Rémy;TPS;;;;;;;;
M.;;PLANCHE;Christophe;19 Rue Guyton-de-Morveau;61250;Condé sur Sarthe;;;;;;;PLANCHE;Alix;CM2;;;;;;;;
Mme;;PLOURDE;Corinne;43 Rue Ernest-Hébert;61000;Alençon;;;;;;;LHOSTE;Olivier;CE1;;;;;;;;
M.;;POIRIER;Stephane;42 Rue Forest;61000;Alençon;;;;;;;POIRIER;Alima;PS;;;;;;;;
Mme;;POITEAUX;Sandrine;54 Passage Guénot;61000;Alençon;;;;;;;CHEDEVILLE;Jordan;CM1;;;;;;;;
M.;;POIZAT;Eric;48 Rue Benjamin-Constant;61000;Alençon;;;;;;;POIZAT;Marina;CM1;;;;;;;;
M.;;POLIZZI;Willy;11 Rue des Hautes-Formes;72610;Chenay;;;;;;;POLIZZI;Romane;MS;;;;;;;;
Mme;;POLONIO;Sylvie;45 Rue du Général-Lucotte;72610;Chenay;;;;;;;POLONIO;Olivia;CLIS;;;;;;;;
M.;;POLONIO;Olivier;45 Rue du Général-Lucotte;72610;Chenay;;;;;;;POLONIO;Olivia;CLIS;;;;;;;;
M.;;POTIER;Franck;40 Rue Albinoni;61000;Alençon;;;;;;;POTIER;Amélie;CE1;;;;;;;;
M.;;PRUNIER;Gilles;26 Avenue Georges-Lafenestre;61250;Lonrai;;;;;;;PRUNIER;Maximilien;CE1;;;;;;;;
Mme;;PRUNIER;Florence;26 Avenue Georges-Lafenestre;61250;Lonrai;;;;;;;PRUNIER;Maximilien;CE1;;;;;;;;
M.;;QUINTELA;Jean-Charles;44 Rue de l'Hôtel-Colbert;61000;Alençon;;;;;;;QUINTELA;Elsa;GS;;;;;;;;
Mme;;RECURT;Hélène;6 Rue Daru;72610;Saint Paterne;;;;;;;GERARD;Thomas;GS;;;;;;;;
Mme;;REDRON;Laetitia;26 Passage des Deux-Portes;61000;Alençon;;;;;;;TANIEL;Charline;CE1;;;;;;;;
Mme;;REGNIER;Marie;13 Rue Cauchy;61000;Alençon;;;;;;;REGNIER;Marie-Louise;CE1;;;;;;;;
M.;;REGNIER;Fabien;13 Rue Cauchy;61000;Alençon;;;;;;;REGNIER;Marie-Louise;CE1;;;;;;;;
Mme;;RENIER-DI VINCENZO;Lydie;13 Boulevard Émile-Augier;61000;Alençon;;;;;;;RENIER;Nolwenn;CM1;;;;;;;;
Mme;;REY;Paule;6 Rue Forceval;61000;Alençon;;;;;;;REY;Kylian;TPS;;;;;;;;
M.;;REY;Frédéric;6 Rue Forceval;61000;Alençon;;;;;;;REY;Kylian;TPS;;;;;;;;
Mme;;RIBAUD;Tanja;13 Rue Albert-Sorel;72610;Saint Paterne;;;;;;;RIBAUD;Nathan;MS;;;;;;;;
M.;;RIBAUD;Gilles;13 Rue Albert-Sorel;72610;Saint Paterne;;;;;;;RIBAUD;Nathan;MS;;;;;;;;
M.;;RIBEIRO;Pascal;53 Rue Frédérick-Lemaître;61000;Alençon;;;;;;;RIBEIRO;Léa;MS;;;;;;;;
Mme;;RINCON-DUPAS;Claire;7 Rue de la Fontaine-du-But;61000;Alençon;;;;;;;LEYVA RINCON;Gauthier;CP;;;;;;;;
M.;;ROBIEU;Franck;33 Square Desaix;61000;Alençon;;;;;;;ROBIEU;Loïc;PS;;ROBIEU;Alexandre;MS;;;;
Mme;;ROBIEU;Monique;27 Passage Barthélemy;72610;Lignières la Carelle;;;;;;;ROBIEU;Loïc;PS;;ROBIEU;Alexandre;MS;;;;
Mme;;ROCHARD;Véronique;58 Place Jacques-Froment;61000;Alençon;;;;;;;ROCHARD;Marie;CP;;;;;;;;
M.;;ROCHARD;Serge;58 Place Jacques-Froment;61000;Alençon;;;;;;;ROCHARD;Marie;CP;;;;;;;;
Mme;;RODRIGUES;Laurence;7 Rue Eginhard;61000;Alençon;;;;;;;RODRIGUES;Juliette;CE1;;;;;;;;
M.;;RODRIGUES;Alain;53 Avenue Ernest-Renan;61250;Valframbert;;;;;;;RODRIGUES;Juliette;CE1;;;;;;;;
Mme;;RONDEAU-PLANCHE;Carine;30 Rue Camille-Desmoulins;61000;Alençon;;;;;;;PLANCHE;Alix;CM2;;;;;;;;
M.;;ROSIELLO;Gilles;39 Rue Jacob;61000;Alençon;;;;;;;ROSIELLO;Morad;CM2;;ROSIELLO;Raphaël;CE1;;;;
Mme;;ROUSSEAU;Marlène;43 Rue Calmels;61250;Condé sur Sarthe;;;;;;;PENNETIER;Mathilde;CE2;;;;;;;;
Mme;;ROUSSEAU;Stéphanie;31 Rue Dolomieu;61250;Condé sur Sarthe;;;;;;;TROUVILLE;Margaux;PS;;;;;;;;
Mme;;ROUX;Sandrine;56 Rue Jacques-Offenbach;61000;Alençon;;;;;;;ROUX;Gautier;CP;;;;;;;;
M.;;ROUX;Stéphane;56 Rue Jacques-Offenbach;61000;Alençon;;;;;;;ROUX;Gautier;CP;;;;;;;;
Mme;;ROUZIERE;Sonia;24 Rue de l'Abbé-Grégoire;61000;Alençon;;;;;;;ROUZIERE;Chloe;GS;;;;;;;;
M.;;ROUZIERE;Thomas;24 Rue de l'Abbé-Grégoire;61000;Alençon;;;;;;;ROUZIERE;Chloe;GS;;;;;;;;
M.;;ROZEE;Christophe;12 Passage souterrain Henri-Gaillard;61000;Alençon;;;;;;;ROZÉE;Johana;PS;;;;;;;;
Mme;;ROZEE-EVELLIN;Patricia;40 Rue Chapon;61250;Lonrai;;;;;;;ROZÉE;Johana;PS;;;;;;;;
Mme;;SABLAYROLLES;Noria;45 Place Dalida;61000;Alençon;;;;;;;SABLAYROLLES;Pauline;CM2;;;;;;;;
Mme;;SABLAYROLLES;Sylvie;45 Place Dalida;61000;Alençon;;;;;;;SABLAYROLLES;Pauline;CM2;;;;;;;;
Mme;;SAINT-JOANNIS;Céline;58 Boulevard Carnot;61000;Alençon;;;;;;;SAINT-JOANNIS;Ryan;CE2;;;;;;;;
M.;;SAINT-JOANNIS;Olivier;58 Boulevard Carnot;61000;Alençon;;;;;;;SAINT-JOANNIS;Ryan;CE2;;;;;;;;
M.;;SAUGNAC;Laurent;28 Rue Guersant;72610;Chenay;;;;;;;SAUGNAC;Ludovic;CE2;;;;;;;;
Mme;;SAUGNAC;Morgane;28 Rue Guersant;72610;Chenay;;;;;;;SAUGNAC;Ludovic;CE2;;;;;;;;
M.;;SAVARIAUD;Christian;53 Villa Championnet;61000;Alençon;;;;;;;SAVARIAUD;Emma;TPS;;;;;;;;
M.;;SCHMIDT;Jean-François;7 Rue des Deux-Gares;72610;Saint Paterne;;;;;;;SCHMIDT;Shynel;MS;;;;;;;;
Mme;;SCHMIDT;Isabelle;7 Rue des Deux-Gares;72610;Saint Paterne;;;;;;;SCHMIDT;Shynel;MS;;;;;;;;
Mme;;SCHMIT;Florence;36 Rue Frémicourt;61000;Alençon;;;;;;;SCHMIT;Margaux;CE1;;;;;;;;
M.;;SCHMIT;Nathan;36 Rue Frémicourt;61000;Alençon;;;;;;;SCHMIT;Margaux;CE1;;;;;;;;
Mme;;SCHOTT MOYET;Valérie;41 Villa Émile-Loubet;61000;Alençon;;;;;;;BUSSOT;Mathilde;CP;;;;;;;;
M.;;SEGALA BADIALI;Fabien;6 Rue du Docteur-Labbé;61000;Alençon;;;;;;;SEGALA BADIALI;Camille;CE2;;;;;;;;
Mme;;SENCERIN;Christine;45 Avenue du Général-Maistre;61250;Valframbert;;;;;;;SENCERIN;Sylvain;CE2;;;;;;;;
M.;;SENCERIN;Mohamed;45 Avenue du Général-Maistre;61250;Valframbert;;;;;;;SENCERIN;Sylvain;CE2;;;;;;;;
M.;;SIGAL;Thierry;54 Rue Geoffroy-Marie;61000;Alençon;;;;;;;SIGAL;Cédric;GS;;;;;;;;
Mme;;SOUIAH;Catherine;52 Rue Adolphe-Mille;61000;Alençon;;;;;;;OULLADJI;Clément;CM2;;;;;;;;
Mme;;SOUIAH;Peggy;52 Rue Adolphe-Mille;61000;Alençon;;;;;;;OULLADJI;Clément;CM2;;;;;;;;
Mme;;SPONEM;Nathalie;28 Rue du Général-Niessel;61000;Alençon;;;;;;;SPONEM;Andrea;CM1;;;;;;;;
M.;;SPONEM;Pascal;28 Rue du Général-Niessel;61000;Alençon;;;;;;;SPONEM;Andrea;CM1;;;;;;;;
Mme;;STEPHAN;Corinne;56 Place Henri-Rollet;61000;Alençon;;;;;;;CUCHET;Margaux;TPS;;;;;;;;
Mme;;SURIN;Catherine;54 Rue Guichard;61000;Alençon;;;;;;;SURIN;Mathilde;CLIS;;;;;;;;
Mme;;SURIN;Sandrine;54 Rue Guichard;61000;Alençon;;;;;;;SURIN;Mathilde;CLIS;;;;;;;;
M.;;TAFFOREAU;Ali;48 Cité Germain-Pilon;61000;Alençon;;;;;;;TAFFOREAU;Mélanie;TPS;;;;;;;;
M.;;TALLEUX;Christophe;46 Rue Caffarelli;61250;Condé sur Sarthe;;;;;;;TALLEUX;Mattéo;TPS;;;;;;;;
Mme;;TALLEUX;Viviane;46 Rue Caffarelli;61250;Condé sur Sarthe;;;;;;;TALLEUX;Mattéo;TPS;;;;;;;;
M.;;TANIEL;Jean-Philippe;43 Rue de l'Échaudé;61000;Alençon;;;;;;;TANIEL;Charline;CE1;;;;;;;;
Mme;;TCHAM TCHUINDEM;Marie Ange;32 Rue de Candolle;61000;Alençon;;;;;;;OGOULA-NKWEMI;Bastian;CM2;;;;;;;;
Mme;;THERON;Isabelle;52 Rue Dosne;61000;Saint Germain du Corbéis;;;;;;;THERON;Enzo;CE2;;;;;;;;
M.;;THERON;Pascal;52 Rue Dosne;61000;Saint Germain du Corbéis;;;;;;;THERON;Enzo;CE2;;;;;;;;
M.;;THEVEU;Luc;55 Rue Ernest-et-Henri-Rousselle;61000;Alençon;;;;;;;THEVEU;Maxime;CP;;;;;;;;
Mme;;THIVRIER;Corinne;26 Quai des Grands-Augustins;61000;Alençon;;;;;;;GORE;Sharon;CM2;;;;;;;;
M.;;THOMMERELLE;Frederic;30 Villa Émile-Meyer;61000;Alençon;;;;;;;THOMMERELLE;Donovan;TPS;;;;;;;;
Mme;;TOCUT;Céline;58 Rue Hermel;61250;Condé sur Sarthe;;;;;;;NEGNY;Mélissa;CM2;;;;;;;;
Mme;;TOMIN;Bérangere;13 Place Georges-Pompidou;61000;Cerisé;;;;;;;TOMIN;Mathias;CP;;;;;;;;
M.;;TOMIN;Serge;13 Place Georges-Pompidou;61000;Cerisé;;;;;;;TOMIN;Mathias;CP;;;;;;;;
Mme;;TRICHARD;Céline;14 Rue Jacques-Baudry;61000;Alençon;;;;;;;MANLAN;Estelle;PS;;;;;;;;
M.;;TROUVILLE;Jean-Pierre;1 Passage Driancourt;61000;Alençon;;;;;;;TROUVILLE;Margaux;PS;;;;;;;;
Mme;;VALIER-BRASIER;Emilie;51 Square Desaix;61000;Alençon;;;;;;;VALIER-BRASIER;Pauline;TPS;;;;;;;;
M.;;VALIER-BRASIER;Frédéric;51 Square Desaix;61000;Alençon;;;;;;;VALIER-BRASIER;Pauline;TPS;;;;;;;;
M.;;VALLET;Régis;15 Rue du Dobropol;61000;Alençon;;;;;;;VALLET;Angéla;CM1;;;;;;;;
Mme;;VALLET;Delphine;15 Rue du Dobropol;61000;Alençon;;;;;;;VALLET;Angéla;CM1;;;;;;;;
Mme;;VANCRAEYNEST;Géraldine;35 Rue du Général-Delestraint;61000;Alençon;;;;;;;VANCRAEYNEST;Mauro Fernando;MS;;;;;;;;
M.;;VANCRAEYNEST;Laurent;35 Rue du Général-Delestraint;61000;Alençon;;;;;;;VANCRAEYNEST;Mauro Fernando;MS;;;;;;;;
M.;;VENISSE;Jean-Paul;29 Impasse Beaubourg;61000;Alençon;;;;;;;VENISSE;Lucas;CE2;;;;;;;;
M.;;VENISSE;Jean-Charles;29 Impasse Beaubourg;61000;Alençon;;;;;;;VENISSE;Lucas;CE2;;;;;;;;
M.;;VERGNE;Sébastien;42 Rue du Sommerard;61000;Cerisé;;;;;;;VERGNE;Olivia;PS;;;;;;;;
Mme;;VERGNE;Fabienne;42 Rue du Sommerard;61000;Cerisé;;;;;;;VERGNE;Olivia;PS;;;;;;;;
M.;;VIAS;Eric;30 Villa Ballu;72610;Lignières la Carelle;;;;;;;VIAS;Anna;CM1;;;;;;;;
M.;;VICHE;Barnabé;56 Passage du Désir;61000;Saint Germain du Corbéis;;;;;;;VICHE;Manon;CP;;;;;;;;
M.;;VILLETTE;Thierry;3 Quai Henri-IV;72610;Saint Paterne;;;;;;;VILLETTE;Caroline;CM1;;;;;;;;
Mme;;VILLETTE;Jocelyn;3 Quai Henri-IV;72610;Saint Paterne;;;;;;;VILLETTE;Caroline;CM1;;;;;;;;
Mme;;VITAL;Isabelle;36 Rue du Docteur-Bourneville;61000;Alençon;;;;;;;WENDLING;Antoine;CE2;;;;;;;;
M.;;WENDLING;Eric;26 Rue Goubet;61000;Alençon;;;;;;;WENDLING;Antoine;CE2;;;;;;;;
M.;;WILMOUTH;Jean-Christophe;56 Rue de Caumartin;61000;Alençon;;;;;;;WILMOUTH;Laura;CP;;;;;;;;
Mme;;WIMART;Christiane;18 Rue du Disque;61000;Saint Germain du Corbéis;;;;;;;BELMAHDI;Mathilde;CE1;;;;;;;;
Mme;;WITTERONGHEL;Stephanie;27 Impasse Damesme;61000;Alençon;;;;;;;WITTERONGHEL;Amélie;MS;;;;;;;;
M.;;WITTERONGHEL;Laurent;27 Impasse Damesme;61000;Alençon;;;;;;;WITTERONGHEL;Amélie;MS;;;;;;;;
M.;;WOLFS;Jérôme;6 Rue de la Banque;61000;Alençon;;;;;;;WOLFS;Sarah;GS;;;;;;;;
Mme;;WYN;Sylvie;10 Rue des Gâtines;61250;Condé sur Sarthe;;;;;;;JAPEL;Julien;CM1;;;;;;;;
